date,keyword,cpc
2021-01-31,diploma,9.76
2021-01-31,classmate,2.62
2021-01-31,educationpolicy,2.46
2021-01-31,seminar,4.09
2021-01-31,literature,5.11
2021-01-31,assessmenttool,1.71
2021-01-31,teaching,6.67
2021-01-31,workshop,1.07
2021-01-31,spaceexploration,6.73
2021-01-31,stargazing,4.69
2021-01-31,spacewalk,3.5
2021-01-31,cosmology,4.84
2021-01-31,nebula,1.01
2021-01-31,solarsystem,7.35
2021-01-31,solar,2.04
2021-01-31,expedition,5.11
2021-01-31,tennis,1.71
2021-01-31,tournament,6.24
2021-01-31,fitness,3.72
2021-01-31,technique,1.82
2021-01-31,coach,8.46
2021-01-31,equipment,3.83
2021-01-31,agility,6.59
2021-01-31,sportsgear,7.25
2021-01-31,strategy,5.38
2021-01-31,photography,7.42
2021-01-31,accommodation,8.86
2021-01-31,destinationwedding,2.23
2021-01-31,resort,5.83
2021-01-31,itinerary,3.04
2021-01-31,resort,7.41
2021-01-31,hiking,6.45
2021-01-31,travelblog,2.86
2021-01-31,vacation,7.21
2021-01-31,mealprep,4.96
2021-01-31,stirfry,6.05
2021-01-31,steak,4.36
2021-01-31,recipe,2.67
2021-01-31,snack,6.58
2021-01-31,breakfast,9.07
2021-01-31,baking,8.73
2021-01-31,cooking,4.34
2021-02-28,learning,7.01
2021-02-28,e-learning,7.7
2021-02-28,achievement,0.97
2021-02-28,skillset,8.95
2021-02-28,criticalthinking,2.43
2021-02-28,knowledge,3.54
2021-02-28,teacher,4.79
2021-02-28,research,3.55
2021-02-28,training,6.07
2021-02-28,curriculum,9.5
2021-02-28,expedition,4.29
2021-02-28,aerospace,7.78
2021-02-28,solarsystem,0.46
2021-02-28,orbit,7.65
2021-02-28,astronomy,8.62
2021-02-28,blackhole,2.5
2021-02-28,gravity,4.75
2021-02-28,gravitation,3.32
2021-02-28,cricket,9.27
2021-02-28,basketball,3.38
2021-02-28,season,6.11
2021-02-28,fitness,3.31
2021-02-28,skateboarding,6.85
2021-02-28,athletics,3.07
2021-02-28,sportsgear,4.53
2021-02-28,athlete,7.22
2021-02-28,fanbase,6.79
2021-02-28,tennis,3.63
2021-02-28,vacation,3.75
2021-02-28,culture,2.33
2021-02-28,adventuretravel,6.75
2021-02-28,historical,8.46
2021-02-28,eco-tourism,5.7
2021-02-28,cruise,7.75
2021-02-28,passport,5.68
2021-02-28,travelcommunity,5.7
2021-02-28,heritage,5.09
2021-02-28,sightseeing,1.17
2021-02-28,brunch,4.02
2021-02-28,cuisine,0.41
2021-02-28,stirfry,3.42
2021-02-28,gluten-free,1.23
2021-02-28,salad,6.09
2021-02-28,vegetarian,3.78
2021-02-28,grilling,1.06
2021-02-28,menu,5.31
2021-02-28,barbecue,4.57
2021-03-31,criticalthinking,5.05
2021-03-31,degree,8.62
2021-03-31,diploma,8.22
2021-03-31,assessmenttool,4.05
2021-03-31,scholarship,5.48
2021-03-31,achievement,1.22
2021-03-31,evaluation,7.21
2021-03-31,specialization,1.77
2021-03-31,schooling,7.41
2021-03-31,college,5.98
2021-03-31,celestial,6.18
2021-03-31,gravity,6.48
2021-03-31,comet,6.85
2021-03-31,astronomy,1.55
2021-03-31,rover,0.17
2021-03-31,milkyway,7.81
2021-03-31,alien,1.8
2021-03-31,rocket,8.72
2021-03-31,observatory,3.31
2021-03-31,planetaryscience,5.74
2021-03-31,cycling,2.67
2021-03-31,fanbase,4.27
2021-03-31,performance,2.57
2021-03-31,coach,6.21
2021-03-31,athletics,2.14
2021-03-31,basketball,8.62
2021-03-31,tournament,4.67
2021-03-31,rugby,5.85
2021-03-31,sportsgear,0.74
2021-03-31,destinationwedding,7.51
2021-03-31,explore,7.35
2021-03-31,cruise,3.78
2021-03-31,local,6.98
2021-03-31,excursion,3.29
2021-03-31,citytour,8.66
2021-03-31,budget,3.07
2021-03-31,technique,9.15
2021-03-31,seafood,4.14
2021-03-31,tasting,1.9
2021-03-31,vegetarian,7.09
2021-03-31,dip,7.76
2021-03-31,stirfry,3.36
2021-03-31,pasta,4.1
2021-04-30,scholarship,7.04
2021-04-30,sciencefair,6.28
2021-04-30,tutoring,4.33
2021-04-30,matriculation,7.7
2021-04-30,achievement,3.26
2021-04-30,training,5.44
2021-04-30,pedagogy,2.36
2021-04-30,schooling,0.51
2021-04-30,expedition,6.36
2021-04-30,astronomy,7.16
2021-04-30,observatory,4.3
2021-04-30,ionosphere,3.03
2021-04-30,extraterrestrial,5.45
2021-04-30,alien,7.06
2021-04-30,probe,6.53
2021-04-30,baseball,4.09
2021-04-30,sportsmanship,7.61
2021-04-30,fanbase,9.69
2021-04-30,sportsgear,5.14
2021-04-30,highlights,8.28
2021-04-30,competition,2.7
2021-04-30,endurance,8.19
2021-04-30,adventuretravel,9.37
2021-04-30,hiking,5.81
2021-04-30,excursion,3.31
2021-04-30,cruise,9.78
2021-04-30,vacation,2.98
2021-04-30,heritage,2.73
2021-04-30,experience,2.33
2021-04-30,journey,5.22
2021-04-30,transport,5.09
2021-04-30,restaurant,4.38
2021-04-30,international,5.18
2021-04-30,salad,0.37
2021-04-30,mealprep,1.22
2021-04-30,cafe,8.81
2021-04-30,dinner,5.99
2021-04-30,steak,2.91
2021-04-30,recipe,3.3
2021-05-31,classmate,7.55
2021-05-31,schooling,0.57
2021-05-31,sciencefair,8.95
2021-05-31,knowledge,3.44
2021-05-31,educationpolicy,2.17
2021-05-31,literature,6.29
2021-05-31,pedagogy,8.9
2021-05-31,student,4.53
2021-05-31,evaluation,8.67
2021-05-31,assessment,7.45
2021-05-31,alien,7.72
2021-05-31,astronomer,0.84
2021-05-31,ionosphere,4.39
2021-05-31,darkmatter,1.32
2021-05-31,extraterrestrial,8.5
2021-05-31,gravity,2.21
2021-05-31,astronomy,6.33
2021-05-31,training,9.21
2021-05-31,strategy,7.6
2021-05-31,team,3.24
2021-05-31,athlete,3.84
2021-05-31,recovery,5.24
2021-05-31,sportsgear,6.5
2021-05-31,injury,2.5
2021-05-31,cycling,5.98
2021-05-31,warmup,6.1
2021-05-31,cruise,2.46
2021-05-31,journey,4.41
2021-05-31,culture,8.63
2021-05-31,destinationwedding,0.45
2021-05-31,transportation,4.68
2021-05-31,eco-tourism,0.28
2021-05-31,travelagent,0.51
2021-05-31,adventure,0.59
2021-05-31,backpacking,0.17
2021-05-31,travelblog,8.54
2021-05-31,lunch,3.01
2021-05-31,snack,0.92
2021-05-31,dining,7.39
2021-05-31,stirfry,1.36
2021-05-31,bakery,4.18
2021-05-31,tasting,6.12
2021-05-31,salad,1.81
2021-05-31,catering,5.08
2021-05-31,dinner,9.25
2021-06-30,educationpolicy,2.98
2021-06-30,diploma,4.89
2021-06-30,skillset,4.77
2021-06-30,qualification,7.36
2021-06-30,attendance,2.55
2021-06-30,university,5.9
2021-06-30,pedagogy,9.09
2021-06-30,student,1.43
2021-06-30,expedition,7.94
2021-06-30,celestial,6.09
2021-06-30,astrophysics,9.53
2021-06-30,cosmic,7.79
2021-06-30,astronomy,5.26
2021-06-30,rover,5.21
2021-06-30,rocket,1.69
2021-06-30,probe,8.66
2021-06-30,coach,6.47
2021-06-30,marathon,4.28
2021-06-30,agility,6.37
2021-06-30,basketball,4.64
2021-06-30,equipment,6.43
2021-06-30,boxing,7.17
2021-06-30,training,8.01
2021-06-30,esports,3.98
2021-06-30,hockey,4.03
2021-06-30,resort,6.04
2021-06-30,heritage,6.41
2021-06-30,excursion,6.86
2021-06-30,local,6.62
2021-06-30,travelcommunity,1.83
2021-06-30,adventuretravel,3.73
2021-06-30,eco-tourism,4.92
2021-06-30,festival,4.16
2021-06-30,city,5.13
2021-06-30,flight,2.6
2021-06-30,bistro,9.31
2021-06-30,presentation,5.98
2021-06-30,spice,6.0
2021-06-30,snack,9.96
2021-06-30,restaurant,3.18
2021-06-30,pasta,1.05
2021-06-30,menu,5.53
2021-06-30,bakery,7.83
2021-06-30,mealprep,5.38
2021-06-30,baking,3.94
2021-07-31,exams,3.76
2021-07-31,teaching,2.26
2021-07-31,learning,7.96
2021-07-31,homeschooling,5.28
2021-07-31,assessment,5.2
2021-07-31,innovation,5.07
2021-07-31,college,2.26
2021-07-31,sciencefair,7.27
2021-07-31,knowledge,7.34
2021-07-31,certification,6.08
2021-07-31,comet,7.25
2021-07-31,astronomer,5.99
2021-07-31,gravity,1.92
2021-07-31,star,3.26
2021-07-31,gravitation,5.76
2021-07-31,spaceexploration,1.39
2021-07-31,blackhole,0.52
2021-07-31,endurance,0.21
2021-07-31,tournament,8.91
2021-07-31,gymnastics,8.65
2021-07-31,records,2.12
2021-07-31,officiating,3.39
2021-07-31,technique,9.26
2021-07-31,skiing,2.94
2021-07-31,rivalry,5.37
2021-07-31,team,5.05
2021-07-31,scores,1.7
2021-07-31,itinerary,2.04
2021-07-31,culture,5.72
2021-07-31,explore,1.55
2021-07-31,citytour,4.52
2021-07-31,city,5.85
2021-07-31,destinationwedding,9.64
2021-07-31,vacation,8.39
2021-07-31,heritage,7.86
2021-07-31,dip,0.76
2021-07-31,ingredient,4.7
2021-07-31,baking,5.82
2021-07-31,cookware,7.84
2021-07-31,bistro,5.76
2021-07-31,dessert,5.09
2021-07-31,dinner,9.05
2021-07-31,grilling,5.4
2021-07-31,chef,6.07
2021-07-31,breakfast,9.28
2021-08-31,student,4.48
2021-08-31,university,9.97
2021-08-31,scholarship,3.7
2021-08-31,syllabus,6.84
2021-08-31,skillset,1.3
2021-08-31,matriculation,4.2
2021-08-31,degree,5.74
2021-08-31,curriculum,4.5
2021-08-31,teaching,1.98
2021-08-31,alien,2.98
2021-08-31,planet,5.52
2021-08-31,martian,2.19
2021-08-31,blackhole,7.37
2021-08-31,astronomy,8.11
2021-08-31,exoplanet,8.25
2021-08-31,planetaryscience,2.61
2021-08-31,tournament,9.67
2021-08-31,records,8.61
2021-08-31,skateboarding,1.91
2021-08-31,esports,7.86
2021-08-31,athlete,5.65
2021-08-31,cricket,4.24
2021-08-31,training,1.9
2021-08-31,league,7.43
2021-08-31,warmup,1.35
2021-08-31,local,5.7
2021-08-31,cruise,9.05
2021-08-31,destinationwedding,3.76
2021-08-31,travelcommunity,9.97
2021-08-31,historical,3.77
2021-08-31,adventure,3.44
2021-08-31,itinerary,1.08
2021-08-31,festival,9.62
2021-08-31,mealprep,6.26
2021-08-31,snack,9.21
2021-08-31,flavor,5.14
2021-08-31,healthy,8.73
2021-08-31,preparation,4.54
2021-08-31,meal,5.67
2021-08-31,pasta,1.5
2021-08-31,baking,6.13
2021-08-31,dinner,9.74
2021-08-31,vegan,0.81
2021-09-30,learning,6.15
2021-09-30,professor,5.8
2021-09-30,workshop,4.53
2021-09-30,achievement,0.19
2021-09-30,scholarship,0.55
2021-09-30,literacy,7.36
2021-09-30,exams,5.03
2021-09-30,cosmicrays,1.8
2021-09-30,astrophysics,4.88
2021-09-30,planetaryscience,8.11
2021-09-30,cosmology,2.2
2021-09-30,solarsystem,2.65
2021-09-30,interstellar,6.72
2021-09-30,spacecraft,9.92
2021-09-30,agility,3.27
2021-09-30,boxing,8.36
2021-09-30,scores,6.17
2021-09-30,football,5.75
2021-09-30,recovery,8.65
2021-09-30,records,7.95
2021-09-30,meditation,4.39
2021-09-30,tournament,1.87
2021-09-30,marathon,1.14
2021-09-30,performance,3.43
2021-09-30,adventure,5.33
2021-09-30,accommodation,1.34
2021-09-30,sustainable,0.21
2021-09-30,cruise,0.45
2021-09-30,citytour,1.37
2021-09-30,excursion,4.72
2021-09-30,culinary,2.54
2021-09-30,flight,7.8
2021-09-30,transport,9.95
2021-09-30,lunch,2.48
2021-09-30,vegan,5.54
2021-09-30,breakfast,7.32
2021-09-30,kitchen,1.64
2021-09-30,preparation,9.36
2021-09-30,salad,7.01
2021-09-30,technique,7.58
2021-09-30,stirfry,6.08
2021-09-30,barbecue,6.22
2021-10-31,seminar,0.62
2021-10-31,internship,6.68
2021-10-31,tutoring,5.18
2021-10-31,qualification,8.96
2021-10-31,coursework,7.01
2021-10-31,teaching,3.68
2021-10-31,professor,1.88
2021-10-31,scholarship,2.39
2021-10-31,academic,3.84
2021-10-31,attendance,2.97
2021-10-31,astrophysics,5.47
2021-10-31,star,6.28
2021-10-31,spacewalk,3.55
2021-10-31,astronaut,8.6
2021-10-31,nebula,4.54
2021-10-31,cosmic,3.66
2021-10-31,planet,1.91
2021-10-31,expedition,6.5
2021-10-31,swimming,3.68
2021-10-31,wrestling,6.14
2021-10-31,league,9.17
2021-10-31,referee,3.89
2021-10-31,scores,8.83
2021-10-31,meditation,7.19
2021-10-31,warmup,6.43
2021-10-31,records,7.68
2021-10-31,skateboarding,5.16
2021-10-31,travelagent,9.57
2021-10-31,cruise,4.49
2021-10-31,resort,5.46
2021-10-31,accommodation,4.4
2021-10-31,adventure,3.84
2021-10-31,getaway,8.06
2021-10-31,culture,1.48
2021-10-31,healthy,9.34
2021-10-31,stirfry,5.28
2021-10-31,catering,7.11
2021-10-31,dinner,7.22
2021-10-31,dip,8.89
2021-10-31,flavor,5.27
2021-10-31,comfort,7.02
2021-11-30,knowledge,4.28
2021-11-30,professor,0.89
2021-11-30,assessmenttool,9.1
2021-11-30,internship,2.17
2021-11-30,assessment,2.37
2021-11-30,innovation,7.67
2021-11-30,learning,8.8
2021-11-30,teaching,0.64
2021-11-30,exams,4.14
2021-11-30,telescope,5.1
2021-11-30,expedition,0.23
2021-11-30,ionosphere,9.47
2021-11-30,NASA,1.35
2021-11-30,darkmatter,8.28
2021-11-30,orbit,7.2
2021-11-30,gravity,6.5
2021-11-30,interstellar,4.55
2021-11-30,cosmic,7.4
2021-11-30,galaxy,8.53
2021-11-30,season,4.31
2021-11-30,athletics,4.89
2021-11-30,gymnastics,8.65
2021-11-30,fanbase,7.8
2021-11-30,hockey,6.44
2021-11-30,boxing,5.03
2021-11-30,tournament,5.48
2021-11-30,vacation,3.35
2021-11-30,guidebook,1.96
2021-11-30,explore,7.3
2021-11-30,wildlife,2.28
2021-11-30,tour,6.87
2021-11-30,wanderlust,6.4
2021-11-30,sustainable,7.63
2021-11-30,resort,8.35
2021-11-30,getaway,3.8
2021-11-30,sightseeing,7.06
2021-11-30,slowcooker,1.29
2021-11-30,technique,4.36
2021-11-30,fusion,2.38
2021-11-30,stirfry,5.4
2021-11-30,chef,3.94
2021-11-30,mealprep,4.13
2021-11-30,restaurant,3.33
2021-11-30,gluten-free,7.43
2021-11-30,kitchen,0.1
2021-12-31,student,1.05
2021-12-31,workshop,9.05
2021-12-31,studyhabits,4.95
2021-12-31,certification,1.58
2021-12-31,literature,5.94
2021-12-31,coursework,3.4
2021-12-31,literacy,5.79
2021-12-31,specialization,8.53
2021-12-31,scholarship,0.14
2021-12-31,cosmos,2.97
2021-12-31,aerospace,9.98
2021-12-31,interstellar,3.22
2021-12-31,orbiting,5.6
2021-12-31,probe,5.85
2021-12-31,orbit,9.97
2021-12-31,lunar,5.72
2021-12-31,astronomer,5.62
2021-12-31,spacestation,7.07
2021-12-31,mission,3.89
2021-12-31,competition,5.28
2021-12-31,injury,1.92
2021-12-31,highlights,1.48
2021-12-31,championship,1.2
2021-12-31,coach,3.93
2021-12-31,cycling,1.5
2021-12-31,referee,6.19
2021-12-31,skiing,4.7
2021-12-31,photography,7.3
2021-12-31,explore,5.66
2021-12-31,historical,6.93
2021-12-31,citytour,8.62
2021-12-31,cruise,8.12
2021-12-31,transport,7.05
2021-12-31,wildlife,2.31
2021-12-31,adventuretravel,5.35
2021-12-31,getaway,0.53
2021-12-31,sightseeing,6.77
2021-12-31,dessert,5.31
2021-12-31,preparation,4.45
2021-12-31,snack,2.49
2021-12-31,fusion,5.27
2021-12-31,soup,8.93
2021-12-31,stirfry,8.31
2021-12-31,lunch,1.01
2021-12-31,cafe,8.07
2021-12-31,cuisine,1.64
2021-12-31,international,9.37
2022-01-31,lectures,4.27
2022-01-31,evaluation,4.79
2022-01-31,assessmenttool,9.46
2022-01-31,university,0.6
2022-01-31,pedagogy,7.43
2022-01-31,academic,9.8
2022-01-31,workshop,6.15
2022-01-31,literacy,8.4
2022-01-31,schooling,7.38
2022-01-31,attendance,5.6
2022-01-31,rover,4.59
2022-01-31,wormhole,2.23
2022-01-31,orbit,1.94
2022-01-31,spacecraft,8.16
2022-01-31,satellite,6.66
2022-01-31,planetaryscience,1.31
2022-01-31,spacewalk,6.13
2022-01-31,aerospace,7.35
2022-01-31,ionosphere,4.25
2022-01-31,hockey,3.19
2022-01-31,technique,6.34
2022-01-31,coach,7.58
2022-01-31,cycling,8.37
2022-01-31,swimming,9.19
2022-01-31,team,4.91
2022-01-31,esports,9.31
2022-01-31,fanbase,5.16
2022-01-31,meditation,2.6
2022-01-31,championship,3.18
2022-01-31,sustainable,1.71
2022-01-31,sightseeing,5.07
2022-01-31,picturesque,2.35
2022-01-31,travelblog,1.28
2022-01-31,culture,6.83
2022-01-31,accommodation,2.94
2022-01-31,adventuretravel,1.55
2022-01-31,nature,5.29
2022-01-31,snack,6.0
2022-01-31,fusion,4.55
2022-01-31,vegan,7.73
2022-01-31,sauce,4.16
2022-01-31,catering,3.55
2022-01-31,pasta,8.21
2022-01-31,comfort,1.09
2022-02-28,innovation,6.13
2022-02-28,assessmenttool,9.75
2022-02-28,educationpolicy,9.77
2022-02-28,criticalthinking,7.25
2022-02-28,evaluation,8.06
2022-02-28,exams,7.14
2022-02-28,university,3.89
2022-02-28,matriculation,2.83
2022-02-28,scholarship,2.35
2022-02-28,universe,1.02
2022-02-28,ionosphere,7.01
2022-02-28,probe,6.93
2022-02-28,exoplanet,9.79
2022-02-28,observatory,2.32
2022-02-28,astronomer,9.23
2022-02-28,wormhole,9.08
2022-02-28,spacecraft,7.09
2022-02-28,sportsmanship,0.94
2022-02-28,recovery,9.38
2022-02-28,baseball,4.19
2022-02-28,skiing,3.56
2022-02-28,records,7.57
2022-02-28,endurance,1.66
2022-02-28,cycling,1.92
2022-02-28,training,7.48
2022-02-28,resort,2.74
2022-02-28,sightseeing,7.14
2022-02-28,excursion,1.19
2022-02-28,picturesque,0.98
2022-02-28,flight,5.97
2022-02-28,destinationwedding,2.96
2022-02-28,getaway,0.84
2022-02-28,heritage,3.62
2022-02-28,vacation,3.42
2022-02-28,ingredient,5.77
2022-02-28,catering,3.87
2022-02-28,gluten-free,9.74
2022-02-28,steak,8.35
2022-02-28,menu,2.4
2022-02-28,pasta,0.62
2022-02-28,cuisine,3.3
2022-02-28,dinner,0.63
2022-02-28,cooking,2.74
2022-03-31,teacher,7.13
2022-03-31,classmate,6.26
2022-03-31,internship,3.0
2022-03-31,seminar,2.07
2022-03-31,coursework,3.78
2022-03-31,extracurricular,6.95
2022-03-31,pedagogy,6.37
2022-03-31,qualification,0.76
2022-03-31,rocket,4.91
2022-03-31,solarsystem,7.76
2022-03-31,cosmology,6.02
2022-03-31,celestial,2.1
2022-03-31,spacecraft,7.62
2022-03-31,galaxy,2.03
2022-03-31,cosmos,1.42
2022-03-31,expedition,9.79
2022-03-31,records,6.48
2022-03-31,cycling,6.04
2022-03-31,sportsgear,0.89
2022-03-31,team,4.14
2022-03-31,competition,8.35
2022-03-31,fanbase,4.67
2022-03-31,warmup,8.08
2022-03-31,performance,2.49
2022-03-31,skateboarding,4.48
2022-03-31,backpacking,5.03
2022-03-31,passport,6.87
2022-03-31,travelblog,3.72
2022-03-31,journey,8.91
2022-03-31,wanderlust,1.72
2022-03-31,local,0.89
2022-03-31,excursion,4.77
2022-03-31,culinary,3.86
2022-03-31,photography,5.16
2022-03-31,garnish,9.51
2022-03-31,dinner,8.42
2022-03-31,international,8.31
2022-03-31,catering,1.78
2022-03-31,tasting,8.63
2022-03-31,baking,4.42
2022-03-31,restaurant,2.85
2022-04-30,internship,4.46
2022-04-30,workshop,1.93
2022-04-30,lectures,5.55
2022-04-30,professor,9.53
2022-04-30,graduation,3.3
2022-04-30,studyhabits,4.73
2022-04-30,criticalthinking,7.56
2022-04-30,coursework,6.22
2022-04-30,college,1.86
2022-04-30,NASA,7.68
2022-04-30,exoplanet,5.8
2022-04-30,orbiting,5.46
2022-04-30,extraterrestrial,9.72
2022-04-30,cosmos,1.67
2022-04-30,gravity,1.21
2022-04-30,universe,4.94
2022-04-30,esports,4.92
2022-04-30,records,8.65
2022-04-30,sportsgear,7.56
2022-04-30,championship,5.27
2022-04-30,technique,2.72
2022-04-30,skateboarding,1.5
2022-04-30,performance,4.7
2022-04-30,training,5.35
2022-04-30,referee,3.84
2022-04-30,itinerary,8.97
2022-04-30,heritage,0.78
2022-04-30,destinationwedding,9.44
2022-04-30,resort,7.26
2022-04-30,landmark,2.93
2022-04-30,guidebook,8.22
2022-04-30,hiking,1.1
2022-04-30,dinner,5.81
2022-04-30,cooking,7.59
2022-04-30,catering,1.63
2022-04-30,breakfast,3.24
2022-04-30,garnish,6.28
2022-04-30,international,8.22
2022-04-30,bistro,0.75
2022-04-30,grilling,5.28
2022-04-30,cookware,5.37
2022-05-31,literature,9.31
2022-05-31,tutoring,6.04
2022-05-31,research,2.89
2022-05-31,lectures,1.71
2022-05-31,certification,4.09
2022-05-31,college,7.82
2022-05-31,schooling,0.2
2022-05-31,spacecraft,6.4
2022-05-31,expedition,2.82
2022-05-31,extraterrestrial,2.91
2022-05-31,spacestation,5.39
2022-05-31,rover,3.19
2022-05-31,satellite,3.35
2022-05-31,astronomer,2.1
2022-05-31,hockey,4.99
2022-05-31,referee,5.79
2022-05-31,sportsgear,2.94
2022-05-31,gymnastics,9.51
2022-05-31,equipment,6.77
2022-05-31,records,2.85
2022-05-31,skiing,3.91
2022-05-31,boxing,9.43
2022-05-31,rivalry,8.32
2022-05-31,warmup,7.65
2022-05-31,sightseeing,5.91
2022-05-31,vacation,3.6
2022-05-31,getaway,2.69
2022-05-31,transport,0.56
2022-05-31,transportation,5.56
2022-05-31,landmark,3.87
2022-05-31,travelagent,7.88
2022-05-31,cooking,2.74
2022-05-31,barbecue,0.3
2022-05-31,pasta,1.46
2022-05-31,presentation,7.39
2022-05-31,menu,3.93
2022-05-31,dining,3.61
2022-05-31,dinner,2.41
2022-05-31,brunch,9.99
2022-05-31,steak,1.54
2022-05-31,dessert,1.24
2022-06-30,seminar,7.72
2022-06-30,academic,2.84
2022-06-30,e-learning,7.23
2022-06-30,literature,9.15
2022-06-30,scholarship,2.22
2022-06-30,innovation,1.46
2022-06-30,achievement,9.27
2022-06-30,professor,5.06
2022-06-30,spaceexploration,1.79
2022-06-30,NASA,8.17
2022-06-30,solar,9.03
2022-06-30,gravity,0.64
2022-06-30,comet,8.51
2022-06-30,interstellar,9.58
2022-06-30,ionosphere,1.41
2022-06-30,gravitation,9.29
2022-06-30,astronaut,0.81
2022-06-30,officiating,5.58
2022-06-30,season,1.18
2022-06-30,wrestling,8.08
2022-06-30,skateboarding,0.64
2022-06-30,sponsorship,5.8
2022-06-30,tournament,2.78
2022-06-30,athlete,6.48
2022-06-30,getaway,4.41
2022-06-30,travelblog,7.17
2022-06-30,journey,3.35
2022-06-30,adventuretravel,7.03
2022-06-30,eco-tourism,4.3
2022-06-30,relaxation,0.54
2022-06-30,picturesque,3.92
2022-06-30,experience,9.91
2022-06-30,passport,5.4
2022-06-30,comfort,7.01
2022-06-30,dinner,7.23
2022-06-30,spice,7.05
2022-06-30,cafe,5.53
2022-06-30,seafood,4.9
2022-06-30,bistro,6.67
2022-06-30,dining,4.11
2022-06-30,grilling,7.18
2022-06-30,preparation,7.19
2022-06-30,snack,7.25
2022-07-31,literature,8.96
2022-07-31,extracurricular,8.62
2022-07-31,pedagogy,9.33
2022-07-31,achievement,8.65
2022-07-31,exams,0.47
2022-07-31,evaluation,4.16
2022-07-31,classroom,4.14
2022-07-31,gravity,8.46
2022-07-31,star,4.98
2022-07-31,mission,5.63
2022-07-31,astronomer,1.6
2022-07-31,stargazing,0.52
2022-07-31,astrophysics,7.56
2022-07-31,orbiting,1.62
2022-07-31,cosmic,1.71
2022-07-31,aerospace,4.07
2022-07-31,martian,3.88
2022-07-31,baseball,5.07
2022-07-31,match,2.47
2022-07-31,coach,4.4
2022-07-31,training,1.25
2022-07-31,cycling,6.68
2022-07-31,scores,3.58
2022-07-31,football,0.78
2022-07-31,cruise,4.85
2022-07-31,passport,9.93
2022-07-31,tour,1.27
2022-07-31,travelagent,9.45
2022-07-31,budget,5.0
2022-07-31,accommodation,4.11
2022-07-31,experience,1.71
2022-07-31,destinationwedding,5.41
2022-07-31,destination,9.38
2022-07-31,wanderlust,5.3
2022-07-31,soup,1.89
2022-07-31,dining,7.6
2022-07-31,spice,4.76
2022-07-31,barbecue,6.67
2022-07-31,tasting,4.8
2022-07-31,catering,4.46
2022-07-31,garnish,1.65
2022-08-31,textbook,5.24
2022-08-31,seminar,6.96
2022-08-31,criticalthinking,8.2
2022-08-31,literature,2.45
2022-08-31,tutoring,7.38
2022-08-31,research,2.37
2022-08-31,literacy,6.49
2022-08-31,classmate,2.99
2022-08-31,telescope,4.64
2022-08-31,planet,7.24
2022-08-31,cosmic,5.15
2022-08-31,martian,4.83
2022-08-31,stargazing,0.61
2022-08-31,ionosphere,8.41
2022-08-31,cosmicrays,0.21
2022-08-31,team,1.47
2022-08-31,boxing,3.98
2022-08-31,football,4.55
2022-08-31,officiating,7.8
2022-08-31,rivalry,8.23
2022-08-31,sportsgear,3.89
2022-08-31,match,8.55
2022-08-31,tournament,4.62
2022-08-31,scores,3.5
2022-08-31,baseball,1.89
2022-08-31,guidebook,1.11
2022-08-31,adventure,9.98
2022-08-31,budget,0.3
2022-08-31,backpacking,6.64
2022-08-31,eco-tourism,7.07
2022-08-31,transportation,0.38
2022-08-31,explore,0.35
2022-08-31,hiking,0.38
2022-08-31,beach,4.43
2022-08-31,cooking,4.04
2022-08-31,catering,3.84
2022-08-31,recipe,2.8
2022-08-31,breakfast,7.46
2022-08-31,pasta,4.49
2022-08-31,meal,2.72
2022-08-31,snack,3.26
2022-09-30,criticalthinking,2.27
2022-09-30,innovation,9.74
2022-09-30,schooling,7.42
2022-09-30,syllabus,3.55
2022-09-30,assessment,4.35
2022-09-30,attendance,1.23
2022-09-30,assessmenttool,7.94
2022-09-30,homeschooling,7.27
2022-09-30,university,6.92
2022-09-30,mission,0.86
2022-09-30,cosmicrays,0.17
2022-09-30,planet,7.49
2022-09-30,galaxy,7.86
2022-09-30,observatory,6.52
2022-09-30,cosmos,3.75
2022-09-30,astronomer,0.75
2022-09-30,spacestation,5.47
2022-09-30,launch,8.22
2022-09-30,league,4.29
2022-09-30,team,0.29
2022-09-30,cricket,8.63
2022-09-30,fanbase,5.44
2022-09-30,warmup,9.6
2022-09-30,swimming,3.84
2022-09-30,equipment,9.58
2022-09-30,vacation,1.39
2022-09-30,itinerary,0.99
2022-09-30,destinationwedding,4.91
2022-09-30,heritage,8.53
2022-09-30,travelblog,3.79
2022-09-30,eco-tourism,9.05
2022-09-30,explore,8.99
2022-09-30,transportation,3.26
2022-09-30,dip,5.99
2022-09-30,kitchen,3.49
2022-09-30,pasta,9.34
2022-09-30,seafood,9.62
2022-09-30,comfort,3.76
2022-09-30,chef,6.21
2022-09-30,stirfry,7.21
2022-10-31,literacy,8.74
2022-10-31,knowledge,6.8
2022-10-31,university,3.82
2022-10-31,exams,5.59
2022-10-31,onlinelearning,9.65
2022-10-31,extracurricular,4.28
2022-10-31,research,8.66
2022-10-31,evaluation,3.76
2022-10-31,star,7.59
2022-10-31,astronaut,9.79
2022-10-31,nebula,3.45
2022-10-31,spacewalk,1.62
2022-10-31,blackhole,5.42
2022-10-31,astronomy,7.92
2022-10-31,wormhole,4.04
2022-10-31,astrophysics,7.41
2022-10-31,officiating,2.68
2022-10-31,meditation,3.35
2022-10-31,performance,1.27
2022-10-31,rivalry,0.52
2022-10-31,sponsorship,4.61
2022-10-31,championship,9.12
2022-10-31,esports,4.79
2022-10-31,league,8.74
2022-10-31,sustainable,5.38
2022-10-31,cruise,7.9
2022-10-31,adventure,2.78
2022-10-31,accommodation,0.36
2022-10-31,resort,2.59
2022-10-31,citytour,6.06
2022-10-31,photography,5.9
2022-10-31,itinerary,5.8
2022-10-31,catering,6.17
2022-10-31,technique,7.01
2022-10-31,slowcooker,8.94
2022-10-31,dinner,1.0
2022-10-31,fusion,4.48
2022-10-31,cuisine,9.35
2022-10-31,flavor,3.07
2022-10-31,vegetarian,6.59
2022-10-31,sustainable,6.4
2022-11-30,innovation,8.37
2022-11-30,schooling,9.81
2022-11-30,exams,8.49
2022-11-30,learning,8.94
2022-11-30,internship,9.63
2022-11-30,onlinelearning,3.97
2022-11-30,academic,5.72
2022-11-30,teacher,9.06
2022-11-30,solar,7.13
2022-11-30,celestial,7.33
2022-11-30,star,2.47
2022-11-30,astronomy,7.06
2022-11-30,cosmology,4.25
2022-11-30,alien,3.42
2022-11-30,spaceshuttle,8.53
2022-11-30,expedition,2.29
2022-11-30,tournament,9.3
2022-11-30,esports,2.99
2022-11-30,marathon,5.01
2022-11-30,rugby,4.29
2022-11-30,competition,4.28
2022-11-30,referee,6.69
2022-11-30,equipment,3.23
2022-11-30,athlete,7.79
2022-11-30,football,2.8
2022-11-30,hockey,5.65
2022-11-30,resort,2.2
2022-11-30,vacation,7.01
2022-11-30,adventuretravel,3.26
2022-11-30,vacation,1.18
2022-11-30,destinationwedding,3.0
2022-11-30,cruise,4.93
2022-11-30,beach,4.91
2022-11-30,backpacking,8.51
2022-11-30,excursion,2.82
2022-11-30,dinner,6.09
2022-11-30,grilling,3.44
2022-11-30,dip,1.63
2022-11-30,garnish,0.17
2022-11-30,preparation,0.56
2022-11-30,dining,0.81
2022-11-30,tasting,7.65
2022-11-30,brunch,4.12
2022-11-30,vegetarian,4.36
2022-11-30,fusion,3.51
2022-12-31,student,3.75
2022-12-31,coursework,6.04
2022-12-31,lectures,7.48
2022-12-31,professor,6.82
2022-12-31,criticalthinking,9.93
2022-12-31,university,4.93
2022-12-31,academic,8.5
2022-12-31,onlinelearning,5.64
2022-12-31,gravity,3.08
2022-12-31,astronaut,0.53
2022-12-31,spaceexploration,8.95
2022-12-31,extraterrestrial,6.28
2022-12-31,rocket,2.62
2022-12-31,gravitation,3.14
2022-12-31,cosmology,9.47
2022-12-31,launch,1.22
2022-12-31,satellite,8.7
2022-12-31,gymnastics,1.25
2022-12-31,performance,7.91
2022-12-31,team,4.32
2022-12-31,tournament,4.77
2022-12-31,hockey,5.0
2022-12-31,marathon,4.94
2022-12-31,sportsgear,7.72
2022-12-31,championship,2.61
2022-12-31,injury,9.06
2022-12-31,guidebook,4.38
2022-12-31,destinationwedding,3.64
2022-12-31,culinary,8.7
2022-12-31,festival,2.46
2022-12-31,heritage,3.07
2022-12-31,tour,3.46
2022-12-31,local,1.1
2022-12-31,garnish,2.12
2022-12-31,restaurant,6.74
2022-12-31,bakery,1.8
2022-12-31,healthy,3.84
2022-12-31,recipe,0.5
2022-12-31,preparation,8.55
2022-12-31,lunch,3.7
2022-12-31,cooking,3.48
