keyword,label
adventure,travel
destination,travel
vacation,travel
holiday,travel
trip,travel
itinerary,travel
tourism,travel
sightseeing,travel
exploration,travel
road trip,travel
backpacking,travel
travel guide,travel
accommodation,travel
hotel,travel
hostel,travel
motel,travel
resort,travel
Airbnb,travel
vacation rental,travel
bed and breakfast,travel
camping,travel
glamping,travel
flight,travel
airfare,travel
travel insurance,travel
passport,travel
visa,travel
currency exchange,travel
public transport,travel
car rental,travel
local cuisine,travel
cultural experience,travel
travel photography,travel
travel blog,travel
travel tips,travel
travel hacks,travel
packing list,travel
luggage,travel
carry-on,travel
backpack,travel
travel accessories,travel
travel apps,travel
guides,travel
tour,travel
guided tour,travel
cruise,travel
expedition,travel
safari,travel
road less traveled,travel
travel community,travel
wanderlust,travel
jet lag,travel
staycation,travel
international travel,travel
domestic travel,travel
budget travel,travel
luxury travel,travel
eco-tourism,travel
adventure travel,travel
travel reviews,travel
food tours,travel
cultural festivals,travel
heritage sites,travel
national parks,travel
beaches,travel
mountains,travel
cities,travel
countryside,travel
scenic routes,travel
landmarks,travel
museums,travel
art galleries,travel
historical sites,travel
monuments,travel
architecture,travel
urban exploration,travel
wildlife,travel
nature,travel
hiking,travel
trekking,travel
biking,travel
water sports,travel
skiing,travel
snowboarding,travel
scuba diving,travel
snorkeling,travel
fishing,travel
surfing,travel
rock climbing,travel
zip-lining,travel
sightseeing tours,travel
cultural immersion,travel
local customs,travel
traditions,travel
festivals,travel
celebrations,travel
volunteering,travel
philanthropy,travel
road conditions,travel
travel warnings,travel
health advisories,travel
safety tips,travel
sustainable travel,travel
carbon footprint,travel
green travel,travel
responsible tourism,travel
travel blogs,travel
vlogs,travel
influencers,travel
travel photography,travel
journals,travel
memories,travel
souvenirs,travel
travel stories,travel
packing cubes,travel
multi-currency card,travel
gifts,travel
tour operators,travel
travel agencies,travel
expedia,travel
booking.com,travel
tripadvisor,travel
Skyscanner,travel
Google Flights,travel
Airfarewatchdog,travel
travel insurance,travel
emergency contacts,travel
communication,travel
language barriers,travel
translation apps,travel
cultural etiquette,travel
local laws,travel
dining etiquette,travel
shopping,travel
souvenir shopping,travel
artisan markets,travel
street food,travel
gastronomy,travel
culinary tours,travel
roadside attractions,travel
hidden gems,travel
off the beaten path,travel
local secrets,travel
short getaways,travel
weekend trips,travel
long haul,travel
layover,travel
time zone,travel
seasonal travel,travel
weather,travel
holiday traditions,travel
festival culture,travel
world heritage,travel
UNESCO sites,travel
eco-friendly accommodations,travel
adventure sports,travel
cultural exchanges,travel
solo travel,travel
group travel,travel
family vacations,travel
travel deals,travel
last-minute travel,travel
early booking,travel
flash sales,travel
loyalty programs,travel
football,sport
basketball,sport
baseball,sport
soccer,sport
tennis,sport
golf,sport
hockey,sport
volleyball,sport
cricket,sport
rugby,sport
swimming,sport
athletics,sport
boxing,sport
wrestling,sport
cycling,sport
skiing,sport
snowboarding,sport
gymnastics,sport
track,sport
field,sport
marathon,sport
triathlon,sport
racquetball,sport
badminton,sport
softball,sport
netball,sport
dodgeball,sport
ultimate frisbee,sport
surfing,sport
diving,sport
water polo,sport
paddleboarding,sport
rock climbing,sport
fishing,sport
hiking,sport
mountaineering,sport
yoga,sport
pilates,sport
crossfit,sport
bodybuilding,sport
powerlifting,sport
karate,sport
taekwondo,sport
judo,sport
kickboxing,sport
fencing,sport
archery,sport
equestrian,sport
motorsport,sport
formula one,sport
NASCAR,sport
MMA,sport
lacrosse,sport
squash,sport
skateboarding,sport
snowmobiling,sport
curling,sport
athlete,sport
team,sport
coach,sport
referee,sport
umpire,sport
spectator,sport
fan,sport
trophy,sport
championship,sport
league,sport
tournament,sport
season,sport
playoff,sport
score,sport
goal,sport
point,sport
assist,sport
match,sport
competition,sport
training,sport
drills,sport
practice,sport
strategy,sport
analysis,sport
stats,sport
performance,sport
endurance,sport
strength,sport
speed,sport
agility,sport
flexibility,sport
coordination,sport
reaction time,sport
balance,sport
nutrition,sport
hydration,sport
warm-up,sport
cool down,sport
injury,sport
rehabilitation,sport
therapy,sport
physical therapy,sport
fitness,sport
exercise,sport
cardio,sport
weightlifting,sport
aerobics,sport
stretching,sport
wellness,sport
sportsmanship,sport
ethics,sport
fair play,sport
competition,sport
medals,sport
Olympics,sport
Paralympics,sport
World Cup,sport
Super Bowl,sport
NBA Finals,sport
Stanley Cup,sport
Wimbledon,sport
US Open,sport
Grand Slam,sport
record,sport
personal best,sport
world record,sport
breakthrough,sport
draft,sport
recruit,sport
scouting,sport
tryout,sport
athletic scholarship,sport
endorsement,sport
sponsorship,sport
merchandise,sport
gear,sport
equipment,sport
uniform,sport
apparel,sport
shoes,sport
accessories,sport
sports facility,sport
stadium,sport
arena,sport
field,sport
court,sport
gym,sport
track,sport
pool,sport
ring,sport
pitch,sport
course,sport
course record,sport
venue,sport
home game,sport
away game,sport
fan zone,sport
cheerleading,sport
marching band,sport
halftime show,sport
tailgating,sport
mascot,sport
sports media,sport
broadcasting,sport
commentary,sport
analysis,sport
highlights,sport
replay,sport
fan engagement,sport
social media,sport
sports journalism,sport
sports photography,sport
sporting events,sport
networking,sport
scheduling,sport
ticket sales,sport
attendance,sport
merchandising,sport
fundraising,sport
charity events,sport
youth sports,sport
amateur sports,sport
professional sports,sport
sports leagues,sport
sports organizations,sport
national governing bodies,sport
international federations,sport
sports policy,sport
sports law,sport
athletic training,sport
sports science,sport
sports psychology,sport
sports medicine,sport
sports management,sport
coaching,sport
mentorship,sport
leadership,sport
team building,sport
community engagement,sport
volunteering,sport
sports advocacy,sport
sports diplomacy,sport
sports development,sport
youth programs,sport
inclusion in sports,sport
diversity in sports,sport
gender equality,sport
sports culture,sport
sporting tradition,sport
sports history,sport
athletic legacy,sport
sports innovation,sport
emerging sports,sport
extreme sports,sport
action sports,sport
traditional sports,sport
indigenous sports,sport
cultural sports,sport
global sports,sport
international competitions,sport
sports events,sport
sports festivals,sport
sports expos,sport
sports conventions,sport
fan festivals,sport
game day,sport
sports tourism,sport
active lifestyle,sport
recreational sports,sport
sports initiatives,sport
health and wellness,sport
team sports,sport
individual sports,sport
competitive sports,sport
non-competitive sports,sport
recreational activities,sport
family sports,sport
sports clubs,sport
sports leagues,sport
community sports,sport
school sports,sport
college sports,sport
professional leagues,sport
sports fan culture,sport
extreme sports culture,sport
sports sponsorship,sport
sports branding,sport
sports merchandising,sport
sports analytics,sport
data-driven sports,sport
sports marketing,sport
sports promotions,sport
sports advertising,sport
sports technology,sport
sports equipment,sport
sports software,sport
sports apps,sport
smart wearables,sport
fitness trackers,sport
performance analytics,sport
data visualization,sport
biomechanics,sport
exercise science,sport
sports engineering,sport
exercise physiology,sport
baking,cooking
grilling,cooking
roasting,cooking
steaming,cooking
frying,cooking
saut√©ing,cooking
braising,cooking
stir-frying,cooking
poaching,cooking
simmering,cooking
blanching,cooking
cooking techniques,cooking
cuisine,cooking
recipe,cooking
ingredients,cooking
seasoning,cooking
sauce,cooking
marinade,cooking
dressing,cooking
appetizer,cooking
main course,cooking
dessert,cooking
snack,cooking
breakfast,cooking
lunch,cooking
dinner,cooking
meal prep,cooking
plating,cooking
presentation,cooking
garnish,cooking
herbs,cooking
spices,cooking
vegetables,cooking
meat,cooking
seafood,cooking
pasta,cooking
grains,cooking
rice,cooking
beans,cooking
legumes,cooking
nuts,cooking
fruits,cooking
baking powder,cooking
baking soda,cooking
yeast,cooking
flour,cooking
sugar,cooking
salt,cooking
pepper,cooking
oil,cooking
butter,cooking
cream,cooking
cheese,cooking
chocolate,cooking
vanilla,cooking
egg,cooking
milk,cooking
broth,cooking
stock,cooking
vegetable oil,cooking
olive oil,cooking
coconut oil,cooking
vinegar,cooking
wine,cooking
food safety,cooking
storage,cooking
preparation,cooking
kitchen tools,cooking
utensils,cooking
knife skills,cooking
cutting board,cooking
pan,cooking
pot,cooking
oven,cooking
stove,cooking
grill,cooking
slow cooker,cooking
pressure cooker,cooking
air fryer,cooking
blender,cooking
food processor,cooking
mixing bowl,cooking
measuring cups,cooking
spatula,cooking
whisk,cooking
tongs,cooking
peeler,cooking
grater,cooking
sifter,cooking
steamer,cooking
skillet,cooking
wok,cooking
roasting pan,cooking
casserole,cooking
baking sheet,cooking
cookie cutter,cooking
pastry,cooking
bread,cooking
cake,cooking
pie,cooking
cookies,cooking
pudding,cooking
sorbet,cooking
gelato,cooking
ice cream,cooking
syrup,cooking
salsa,cooking
dip,cooking
spread,cooking
wrap,cooking
sandwich,cooking
taco,cooking
pizza,cooking
pasta salad,cooking
quiche,cooking
lasagna,cooking
stew,cooking
soup,cooking
curry,cooking
stir fry,cooking
gratin,cooking
tart,cooking
scones,cooking
croissant,cooking
pancake,cooking
waffle,cooking
omelette,cooking
frittata,cooking
salad,cooking
sushi,cooking
dim sum,cooking
tapas,cooking
charcuterie,cooking
fondue,cooking
breakfast burrito,cooking
smoothie,cooking
juice,cooking
fermentation,cooking
pickling,cooking
smoking,cooking
preserving,cooking
canning,cooking
food trends,cooking
vegetarian,cooking
vegan,cooking
gluten-free,cooking
low-carb,cooking
paleo,cooking
keto,cooking
organic,cooking
sustainable,cooking
farm-to-table,cooking
meal kit,cooking
home cooking,cooking
culinary arts,cooking
food blogs,cooking
cookbooks,cooking
chefs,cooking
cooking shows,cooking
food network,cooking
gourmet,cooking
fast food,cooking
street food,cooking
international cuisine,cooking
fusion,cooking
traditional dishes,cooking
cultural dishes,cooking
food pairing,cooking
taste testing,cooking
dining,cooking
restaurant,cooking
food service,cooking
hospitality,cooking
food photography,cooking
food styling,cooking
food presentation,cooking
cooking classes,cooking
culinary schools,cooking
apprenticeship,cooking
chef competition,cooking
food science,cooking
nutrition,cooking
diet,cooking
meal planning,cooking
food sourcing,cooking
local ingredients,cooking
seasonal cooking,cooking
farmers market,cooking
food systems,cooking
food security,cooking
culinary history,cooking
food culture,cooking
food festivals,cooking
gourmet dining,cooking
fine dining,cooking
ethnic cuisine,cooking
home baking,cooking
cooking tips,cooking
universe,space
galaxy,space
solar system,space
planet,space
star,space
moon,space
comet,space
asteroid,space
black hole,space
nebula,space
light year,space
cosmic,space
gravity,space
orbit,space
spacecraft,space
satellite,space
telescope,space
astronomy,space
astrophysics,space
space exploration,space
NASA,space
ESA,space
launch,space
mission,space
rocket,space
Mars,space
Jupiter,space
Saturn,space
exoplanet,space
Milky Way,space
dark matter,space
dark energy,space
Big Bang,space
cosmology,space
space station,space
International Space Station,space
ISS,space
human spaceflight,space
astronaut,space
rover,space
lander,space
space shuttle,space
launch pad,space
space agency,space
payload,space
gravity assist,space
space debris,space
orbital mechanics,space
scientific research,space
solar flares,space
radiation,space
telescopic observations,space
stellar evolution,space
supernova,space
quasar,space
pulsar,space
gamma-ray,space
cosmic rays,space
planetary science,space
space missions,space
robotics,space
space travel,space
habitat,space
terraforming,space
life in space,space
microgravity,space
space weather,space
solar system dynamics,space
space colonies,space
interstellar,space
space tourism,space
exploration rover,space
landing craft,space
space elevator,space
orbital station,space
space habitat,space
research station,space
settlement,space
dark skies,space
astronomical events,space
eclipses,space
transits,space
celestial bodies,space
orbiting,space
gravitational waves,space
time dilation,space
wormhole,space
string theory,space
multiverse,space
space propulsion,space
ion drive,space
nuclear thermal propulsion,space
chemical propulsion,space
solar sail,space
planetary alignment,space
star cluster,space
space-time,space
exobiology,space
astrobiology,space
search for extraterrestrial intelligence,space
SETI,space
habitable zone,space
biosignature,space
astroengineering,space
cosmic background radiation,space
redshift,space
galactic core,space
Hubble Space Telescope,space
James Webb Space Telescope,space
space observatory,space
spectroscopy,space
space missions,space
launch window,space
payload capacity,space
manifold,space
cosmic inflation,space
stellar nursery,space
protoplanetary disk,space
magnetosphere,space
solar system formation,space
space shuttle program,space
Voyager probes,space
Pioneer spacecraft,space
Lunar Module,space
Mars rover,space
Apollo program,space
Challenger,space
Columbia,space
Explorer,space
Gemini,space
Mercury,space
SpaceX,space
Blue Origin,space
commercial spaceflight,space
new space economy,space
rocket launch,space
payload deployment,space
orbital rendezvous,space
space tourism,space
interplanetary travel,space
deep space,space
local group,space
galactic merger,space
space law,space
international space treaties,space
planetary defense,space
asteroid mining,space
space resources,space
deep space habitats,space
moon base,space
Mars colonization,space
Lunar Gateway,space
solar power,space
radio astronomy,space
optical astronomy,space
space art,space
astro-photography,space
planetarium,space
dark sky reserve,space
cosmic distance ladder,space
manned mission,space
unmanned mission,space
robotic exploration,space
space architecture,space
lunar exploration,space
learning,education
teaching,education
school,education
university,education
college,education
curriculum,education
syllabus,education
subjects,education
mathematics,education
science,education
literature,education
history,education
geography,education
language,education
art,education
music,education
physical education,education
technology,education
computer science,education
engineering,education
social studies,education
psychology,education
philosophy,education
ethics,education
curriculum development,education
lesson plan,education
assessment,education
evaluation,education
homework,education
project,education
presentation,education
group work,education
classroom,education
lecture,education
seminar,education
workshop,education
field trip,education
student,education
teacher,education
professor,education
instructor,education
educator,education
mentor,education
peer learning,education
academic,education
scholarship,education
tuition,education
enrollment,education
admissions,education
graduation,education
diploma,education
degree,education
bachelor's,education
master's,education
PhD,education
certificate,education
continuing education,education
online learning,education
distance education,education
e-learning,education
MOOC,education
interactive learning,education
educational resources,education
textbook,education
reference materials,education
academic journal,education
study skills,education
critical thinking,education
problem-solving,education
creativity,education
collaboration,education
communication,education
research,education
data analysis,education
statistics,education
case studies,education
internship,education
apprenticeship,education
vocational training,education
professional development,education
lifelong learning,education
soft skills,education
hard skills,education
class participation,education
extracurricular activities,education
sports,education
debate,education
theater,education
art club,education
music band,education
student council,education
volunteering,education
community service,education
field studies,education
educational technology,education
smart classroom,education
tablets,education
computers,education
software,education
digital literacy,education
language acquisition,education
foreign language,education
literacy,education
numeracy,education
STEM,education
STEAM,education
coding,education
robotics,education
entrepreneurship,education
financial literacy,education
global education,education
civic education,education
cultural competence,education
educational equity,education
inclusion,education
diversity,education
learning disabilities,education
gifted education,education
adaptive learning,education
personalized learning,education
curricular integration,education
outdoor education,education
experiential learning,education
hands-on learning,education
service learning,education
applied learning,education
project-based learning,education
community engagement,education
active learning,education
educational policy,education
school administration,education
school funding,education
public education,education
private education,education
charter schools,education
homeschooling,education
educational reform,education
teacher training,education
teacher certification,education
continuing professional development,education
classroom management,education
instructional strategies,education
learning outcomes,education
student achievement,education
standardized testing,education
assessment tools,education
feedback,education
peer review,education
educational psychology,education
learning theories,education
cognitive development,education
social learning,education
constructivism,education
behaviorism,education
theory of multiple intelligences,education
critical pedagogy,education
educational philosophy,education
socratic method,education
Montessori,education
Waldorf,education
Reggio Emilia,education
traditional education,education
modern education,education
educational trends,education
21st-century skills,education
global citizenship,education
academic integrity,education
research ethics,education
peer mentoring,education
cooperative learning,education
dual enrollment,education
early childhood education,education
secondary education,education
higher education,education
adult education,education
non-formal education,education
educational assessment,education
learner-centered approach,education
inclusive education,education
family engagement,education
console,game
gaming,game
esports,game
multiplayer,game
singleplayer,game
strategy,game
shooter,game
platformer,game
rpg,game
mmo,game
arcade,game
indie,game
simulation,game
sandbox,game
openworld,game
character,game
mission,game
level,game
powerup,game
speedrun,game
achievement,game
quest,game
avatar,game
controller,game
leaderboard,game
replayability,game
crafting,game
inventory,game
combat,game
skills,game
stealth,game
puzzle,game
dialogue,game
sandbox,game
item,game
trading,game
loot,game
boss,game
cutscene,game
minigame,game
highscore,game
progression,game
real-time,game
turnbased,game
bossfight,game
sidequest,game
cutscenes,game
unlockable,game
missions,game
clan,game
guild,game
battlepass,game
ranking,game
ladder,game
sandboxgame,game
fighting,game
shooter,game
dungeons,game
survival,game
interface,game
melee,game
controller,game
openworldgame,game
adventure,game
gameplay,game
storyline,game
plot,game
hero,game
villain,game
ai,game
co-op,game
horde,game
competitive,game
br,game
ranked,game
skin,game
mount,game
class,game
hero,game
villain,game
inventory,game
collectibles,game
rareitems,game
seasonpass,game
dailyquest,game
dlc,game
expansion,game
engine,game
graphics,game
voicechat,game
emotes,game
matchmaking,game
achievements,game
battle,game
arena,game
replay,game
balance,game
buff,game
nerf,game
respawn,game
timelimit,game
friendlyfire,game
spectator,game
rotation,game
skins,game
customization,game
minimap,game
streaming,game
story,game
dialogue,game
expansionpack,game
coins,game
powerups,game
quests,game
stealth,game
clan,game
campaign,game
tutorial,game
defense,game
cooperative,game
onlineplay,game
matchmaking,game
raid,game
explore,game
endgame,game
interactive,game
open-ended,game
contentupdate,game
cinematic,game
equipment,game
disguise,game
trophy,game
rank,game
pathfinding,game
virtualworld,game
challenges,game
waypoints,game
headshot,game
free-to-play,game
achievement,game
rewards,game
buffs,game
competitivegaming,game
voicecommands,game
backstory,game
gameloop,game
hardcoremode,game
gear,game
guildwars,game
drops,game
perk,game
sandboxgame,game
xp,game
casualgaming,game
hardcore,game
consoleexclusive,game
powerups,game
perks,game
aiming,game
bonuslevel,game
scorestreak,game
hud,game
extra,game
cosmetics,game
battlepass,game
leaderboards,game
skilltree,game
gamedesign,game
expedition,game
tutorialmode,game
booster,game
gamebalance,game
fogofwar,game
respawns,game
aesthetic,game
gamerank,game
clanbattles,game
gamercommunity,game
hype,game
bossfight,game
arcadegame,game
skillshot,game
videogames,game
speedruns,game
experiencepoints,game
respawn,game
networkplay,game
singleplayergame,game
coopmode,game
multiplayergame,game
virtualcurrency,game
damage,game
loadingtime,game
dedicatedserver,game
skills,game
victory,game
sandboxmode,game
scoreboard,game
online,game
tournament,game
modding,game
crossplay,game
animation,game
pixelart,game
classic,game
gamer,game
playtest,game
virtualreality,game
platform,game
adaptive,game
minimap,game
controller,game
physics,game
soundtrack,game
checkpoint,game
collectibles,game
score,game
hardmode,game
endgame,game
subscription,game
win,game
leaderboard,game
gear,game
co-op,game
achievements,game
expansions,game
avatar,game
cosmetics,game
consumable,game
weapon,game
ally,game
enemy,game
checkpoint,game
reaction,game
tactical,game
replay,game
content,game
backstory,game
opponent,game
unlocks,game
maincharacter,game
bossfight,game
timedlevel,game
emblem,game
signaturemove,game
leveldesign,game
puzzleelement,game
troop,game
faction,game
questlog,game
sidequests,game
missionbriefing,game
criticalhit,game
savepoint,game
bonusround,game
speedboost,game
difficultysetting,game
achievementsystem,game
villainboss,game
lastboss,game
gearpiece,game
skillcap,game
cooldown,game
terrain,game
zones,game
guildleader,game
hardcoregamer,game
field,game
puzzleelement,game
comboattack,game
alliance,game
characterclass,game
trophies,game
iteminventory,game
endboss,game
teambased,game
party,game
levelup,game
interactiveelements,game
damageboost,game
soundeffects,game
reactiontime,game
strats,game
itemloadout,game
iconic,game
timedevent,game
rankup,game
npc,game
starterpack,game
classicgame,game
climbtheranks,game
gamechat,game
videogaming,game
hardestlevel,game
consolegame,game
bonusmission,game
skinned,game
legendaryitem,game
taunt,game
gamegenre,game
onlinematch,game
arcadestyle,game
fastpaced,game
itemexchange,game
topscore,game
limitededition,game
ultra,game
difficultyboss,game
artifact,game
logintobonus,game
indiegame,game
roguelike,game
championship,game
damageoutput,game
dualcontroller,game
arenaevent,game
armorpiece,game
frag,game
skillsystem,game
charcustomization,game
defensemechanic,game
firstplace,game
unlockablemode,game
squadmember,game
trophyrank,game
ghostmode,game
gamerprofile,game
newcontent,game
hitpoints,game
targetsystem,game
realism,game
platformexclusive,game
openmatch,game
eventrewards,game
craftingstation,game
playerbase,game
endboss,game
brawler,game
spawnpoint,game
crossplay,game
gameseries,game
avatarcustom,game
freerun,game
infinitelives,game
life,game
trophyachievement,game
legendary,game
adventuremode,game
digitalitem,game
trend,fashion
style,fashion
outfit,fashion
collection,fashion
design,fashion
model,fashion
brand,fashion
fabric,fashion
color,fashion
accessory,fashion
runway,fashion
vintage,fashion
chic,fashion
couture,fashion
streetwear,fashion
sustainable,fashion
seasonal,fashion
casual,fashion
footwear,fashion
print,fashion
boutique,fashion
fashionista,fashion
elegance,fashion
lookbook,fashion
wardrobe,fashion
tailoring,fashion
makeup,fashion
photography,fashion
influencer,fashion
apparel,fashion
high-end,fashion
fashionweek,fashion
readytowear,fashion
menswear,fashion
womenswear,fashion
beauty,fashion
styleguide,fashion
collaboration,fashion
elegance,fashion
comfort,fashion
festival,fashion
bohemian,fashion
outfitidea,fashion
athleisure,fashion
preppy,fashion
statement,fashion
layering,fashion
accessories,fashion
runwayshow,fashion
personalstyle,fashion
jewelry,fashion
jumpsuit,fashion
denim,fashion
sneakers,fashion
minimalist,fashion
styling,fashion
fashionblogger,fashion
edgy,fashion
floral,fashion
haute,fashion
hairstyle,fashion
fashionable,fashion
scarf,fashion
beanie,fashion
silhouette,fashion
fashionlover,fashion
knitwear,fashion
formalwear,fashion
trendsetter,fashion
editorial,fashion
ensemble,fashion
fashionblog,fashion
streetfashion,fashion
maximalist,fashion
glamour,fashion
catwalk,fashion
newcollection,fashion
handbag,fashion
designer,fashion
boho,fashion
luxury,fashion
casualwear,fashion
colorpalette,fashion
monochrome,fashion
pastel,fashion
bold,fashion
puffer,fashion
parisfashionweek,fashion
brandcollab,fashion
timeless,fashion
cozy,fashion
fallfashion,fashion
winterwear,fashion
trendalert,fashion
wardrobeessential,fashion
runwayinspiration,fashion
fashiongram,fashion
newseason,fashion
winterfashion,fashion
everydaystyle,fashion
statementpiece,fashion
prints,fashion
inspo,fashion
turtleneck,fashion
ruffles,fashion
cardigan,fashion
showroom,fashion
modeling,fashion
fashiontrends,fashion
ready-to-wear,fashion
iconic,fashion
sustainablefashion,fashion
recycled,fashion
graphictee,fashion
vogue,fashion
iconiclook,fashion
pattern,fashion
minimal,fashion
oversized,fashion
mixandmatch,fashion
fashiongoals,fashion
retro,fashion
bespoke,fashion
luxurystyle,fashion
lookoftheday,fashion
outfitpost,fashion
ootd,fashion
chiclook,fashion
capsulewardrobe,fashion
fashiongoals,fashion
timelessfashion,fashion
stylish,fashion
textiles,fashion
couturecollection,fashion
onlineboutique,fashion
edgyfashion,fashion
belted,fashion
tailored,fashion
fitting,fashion
styleinspo,fashion
silk,fashion
flowy,fashion
styleinfluencer,fashion
bag,fashion
oversizedfit,fashion
couturebrand,fashion
wardrobestaple,fashion
knitdress,fashion
suits,fashion
neutrals,fashion
eveningwear,fashion
elegantlook,fashion
draped,fashion
fashiondesign,fashion
colorscheme,fashion
urbanwear,fashion
fashionaddict,fashion
outfitinspiration,fashion
moda,fashion
slipdress,fashion
midi,fashion
bodysuit,fashion
jacket,fashion
metallics,fashion
platforms,fashion
rhinestone,fashion
boots,fashion
summervibes,fashion
patterned,fashion
glitter,fashion
croptop,fashion
textured,fashion
rippedjeans,fashion
sheer,fashion
strapless,fashion
ankleboots,fashion
athleticwear,fashion
softwear,fashion
branded,fashion
fashionmag,fashion
highstreet,fashion
jewellery,fashion
stunning,fashion
eyewear,fashion
dressingroom,fashion
trendy,fashion
necklace,fashion
streetstyle,fashion
springfashion,fashion
fallcollection,fashion
iconiclooks,fashion
sparkles,fashion
lux,fashion
fashionhouse,fashion
lace,fashion
cutout,fashion
vintagefind,fashion
fashioninspo,fashion
ecomaterial,fashion
springcollection,fashion
athleisurewear,fashion
gown,fashion
sheath,fashion
statementjewelry,fashion
belt,fashion
choker,fashion
slingback,fashion
poncho,fashion
ecoconscious,fashion
bomber,fashion
bralette,fashion
printmix,fashion
elegantdetails,fashion
feminine,fashion
asymmetrical,fashion
colorblocking,fashion
sunhat,fashion
peplum,fashion
handstitched,fashion
bespokeclothing,fashion
fashionweek,fashion
sustainablefabric,fashion
runwaylook,fashion
minimalism,fashion
lookbookinspo,fashion
chicstyle,fashion
croptop,fashion
kimonos,fashion
scarfstyle,fashion
spacedye,fashion
offshoulder,fashion
outerwear,fashion
hats,fashion
popofcolor,fashion
summerdress,fashion
maxidress,fashion
bohobabe,fashion
blacktie,fashion
timelessdesign,fashion
handcrafted,fashion
smallbatch,fashion
ecoapparel,fashion
velvet,fashion
garment,fashion
sleeklook,fashion
readytowear,fashion
sportstyle,fashion
casualstyle,fashion
earthtone,fashion
stitching,fashion
denimwear,fashion
formalstyle,fashion
holidayfashion,fashion
pastelcolors,fashion
fabricswatch,fashion
designeraesthetic,fashion
polkadots,fashion
longline,fashion
fashiontrends,fashion
daywear,fashion
trendssetter,fashion
lifestyle,fashion
dailyfashion,fashion
pearls,fashion
onepiece,fashion
crochetwear,fashion
neoncolors,fashion
tassel,fashion
polishlook,fashion
vintagefashion,fashion
hairstyle,fashion
sweater,fashion
sweatshirt,fashion
tailoringdetails,fashion
contemporaryfashion,fashion
urbanwear,fashion
pants,fashion
dressy,fashion
structured,fashion
modestfashion,fashion
minimaloutfit,fashion
trenchcoat,fashion
woolcoat,fashion
recyclefashion,fashion
modernfashion,fashion
thrifted,fashion
accessoryaddict,fashion
lacey,fashion
bagsaddiction,fashion
ecoattire,fashion
boutiquechic,fashion
timelesspieces,fashion
crochetstyle,fashion
slowfashion,fashion
summerstyle,fashion
bootslover,fashion
pufferjacket,fashion
velour,fashion
shadesofgreen,fashion
handmadewear,fashion
organic,fashion
ootdstyle,fashion
sleekstyle,fashion
autumnvibes,fashion
newlook,fashion
fashionlabel,fashion
streettrend,fashion
newwave,fashion
